{"cameraMode":{"drawMode":0,"name":"Shaded","section":"Shading Mode"},"sceneLighting":true,"audioPlay":false,"sceneViewState":{"m_AlwaysRefresh":false,"showFog":true,"showSkybox":true,"showFlares":true,"showImageEffects":true,"showParticleSystems":true,"showVisualEffectGraphs":true,"m_FxEnabled":true},"in2DMode":false,"pivot":{"x":0.5804048776626587,"y":0.9575836062431336,"z":-1.402193546295166},"rotation":{"x":-0.003478801343590021,"y":-0.9893705248832703,"z":0.14346304535865785,"w":-0.02402481622993946},"size":12.00447940826416,"orthographic":false}